Data,Otwarcie,Najwyzszy,Najnizszy,Zamkniecie,Wolumen
2015-03-04,3670.62,3711.94,3649.48,3711.94,6553134
2015-03-05,3721.51,3741.74,3720.9,3741.74,8060402
2015-03-06,3746.47,3750.31,3731.39,3741.92,5621224
2015-03-09,3737.95,3762.61,3734.06,3760.82,4012945
2015-03-10,3759.23,3759.23,3726.12,3736.08,5732255
2015-03-11,3738.05,3751.49,3727.38,3740.29,6959219
2015-03-12,3744.71,3748.21,3731.86,3748.21,7739731
2015-03-13,3761.41,3761.41,3724.84,3742.88,7105565
2015-03-16,3748.03,3753.72,3731.33,3741.36,6398042
2015-03-17,3752.03,3767.38,3747.23,3753.8,6048233
2015-03-18,3753.47,3754.88,3730.95,3735.9,9731571
2015-03-19,3743.48,3789.91,3743.48,3789.91,4674121
2015-03-20,3795.69,3797.21,3769.74,3788.77,4952745
2015-03-23,3797.82,3797.82,3772.21,3786.28,6478351
2015-03-24,3781.03,3781.03,3750.39,3760.81,6077220
2015-03-25,3752.55,3758.69,3738.81,3748.64,7687243
2015-03-26,3724.37,3730.53,3680.93,3697.22,4992954
2015-03-27,3702.3,3709.39,3688.52,3693.2,4935366
2015-03-30,3698.13,3729.61,3697.43,3729.61,5054321
2015-03-31,3730.71,3732.01,3715.23,3732.01,3947079
2015-04-01,3731.74,3735.08,3711.39,3724.05,8383658
2015-04-02,3728.51,3737.6,3722.78,3724.22,7464226
2015-04-07,3732.98,3750.26,3723.02,3725.5,7993309
2015-04-08,3735.84,3754.14,3728.53,3754.14,9052474
2015-04-09,3757.71,3802.52,3757.71,3802.52,5136141
2015-04-10,3806.3,3818.02,3779.94,3779.94,5576775
2015-04-13,3787.97,3792.73,3766.17,3778.69,3599079
2015-04-14,3778.9,3804.25,3778.9,3804.25,4145256
2015-04-15,3799.41,3820.82,3799.41,3817.58,6114888
2015-04-16,3825.08,3846.65,3822.28,3846.65,7017180
2015-04-17,3840.33,3849.3,3816.73,3816.73,5695144
2015-04-20,3823.4,3847.79,3819.05,3847.79,4237321
2015-04-21,3850.46,3861.73,3824.03,3834.37,6729738
2015-04-22,3837.45,3849.11,3822.54,3849.11,6916639
2015-04-23,3854.9,3856.76,3834.95,3841.12,5047019
2015-04-24,3846.03,3857.93,3833.8,3857.93,4230449
2015-04-27,3856.28,3889.47,3853.96,3883.38,5777918
2015-04-28,3885.22,3889.21,3862.74,3867.41,6278191
2015-04-29,3878.97,3878.97,3848.85,3863.17,5965720
2015-04-30,3857.51,3865.57,3852.11,3863.71,5561029
2015-05-04,3878.02,3886.21,3869.76,3883.39,8345244
2015-05-05,3884.5,3895.97,3869.11,3876.45,9156583
2015-05-06,3874.95,3926.87,3872.98,3926.87,9022614
2015-05-07,3938.43,3940.28,3908.18,3928.37,10810487
2015-05-08,3940.18,3946.61,3931.56,3946.11,10058759
2015-05-11,3949.66,3960.96,3939.37,3960.96,6554223
2015-05-12,3953.49,3953.66,3925.59,3945.5,7776915
2015-05-13,3951.86,3952.64,3935.15,3938.98,7726255
2015-05-14,3944.93,3944.93,3925.24,3931.4,6487214
2015-05-15,3928.95,3940.49,3925.22,3938.62,7316112
2015-05-18,3941.4,3951.06,3935.18,3947.55,9102279
2015-05-19,3951.89,3952.16,3926.95,3931.68,7045932
2015-05-20,3935.67,3936.59,3901.84,3926.59,5119913
2015-05-21,3928.14,3929.51,3910.64,3929.51,6547294
2015-05-22,3930.17,3930.63,3908.94,3914.39,10822789
2015-05-25,3897.72,3898.31,3841.33,3859.41,9275191
2015-05-26,3857.16,3864.15,3812.84,3812.84,5500063
2015-05-27,3807.75,3852.8,3807.7,3852.8,3748501
2015-05-28,3858.74,3872.63,3843.02,3843.02,3464779
2015-05-29,3846.63,3858.15,3846.33,3848.57,3895995
2015-06-01,3855.36,3876.54,3854.3,3876.54,5354891
2015-06-02,3861.48,3865.35,3831.41,3840.8,4102068
2015-06-03,3842.42,3852.53,3835.44,3840.55,6959854
2015-06-05,3832.79,3834.11,3806.78,3808.74,3092433
2015-06-08,3804.28,3809.24,3770.44,3773.76,4761614
2015-06-09,3759.31,3781.64,3741.25,3746.92,7761219
2015-06-10,3764.53,3798.47,3754.93,3780.11,5139558
2015-06-11,3785.18,3788.23,3763.21,3770.03,3818456
2015-06-12,3778.98,3778.98,3753.31,3761.48,3891359
2015-06-15,3747.73,3751.19,3734.82,3748.37,2448301
2015-06-16,3743.84,3750.66,3729.44,3750.66,5335775
2015-06-17,3767.53,3769.6,3691.11,3698.08,5015254
2015-06-18,3697.1,3708.16,3677.58,3701.74,3234962
2015-06-19,3705.72,3719.37,3674.14,3683.99,6159185
2015-06-22,3693.07,3771.07,3693.07,3771.07,3988433
2015-06-23,3787.41,3793.47,3771.11,3776.15,3364455
2015-06-24,3774.21,3775.48,3749.47,3756.31,11623093
2015-06-25,3752.31,3768.2,3741.05,3742.66,7899661
2015-06-26,3748.16,3751.62,3728.47,3751.62,4505088
2015-06-29,3582.81,3702.35,3579.63,3687.82,10138619
2015-06-30,3673.51,3697.47,3673.51,3685.49,5421685
2015-07-01,3682.67,3706.05,3675.67,3681.49,4813762
2015-07-02,3682.34,3712.32,3682.02,3701.06,7480456
2015-07-03,3686.41,3688.83,3663.32,3670.29,3360838
2015-07-06,3618.69,3655.03,3618.69,3649.38,3556820
2015-07-07,3653.3,3662.7,3596.76,3596.76,5674693
2015-07-08,3594.09,3599.52,3555.45,3556.82,6459657
2015-07-09,3553.88,3578.45,3544.98,3578.45,4223855
2015-07-10,3598.66,3663.28,3597.55,3656.91,4558385
2015-07-13,3684.57,3723.29,3679.36,3711.85,5219325
2015-07-14,3712.78,3718.18,3697.53,3709.85,4856369
2015-07-15,3713.65,3727.09,3693.96,3727.09,5207090
2015-07-16,3739.45,3758.57,3738.87,3758.57,7816018
2015-07-17,3758.91,3772.87,3747.07,3772.87,4135754
2015-07-20,3763.21,3787.92,3745.06,3757.02,5940197
2015-07-21,3756.02,3779.51,3732.25,3742.01,6798283
2015-07-22,3734.66,3738.86,3691.57,3701.18,5940539
2015-07-23,3696.93,3714.11,3681.28,3714.11,3354852
2015-07-24,3720.46,3738.32,3713.83,3738.32,4074701
2015-07-27,3747.14,3747.14,3700.63,3700.63,3903466
2015-07-28,3714.29,3729.96,3711.51,3721.26,5961816
2015-07-29,3730.06,3783.67,3729.98,3753.81,5692976
2015-07-30,3774.59,3790.96,3760.13,3775.44,3752326
2015-07-31,3779.76,3815,3779.76,3815,5864783
2015-08-03,3822.81,3822.81,3797.53,3808.57,4929477
2015-08-04,3813.54,3850.57,3810.94,3849.57,9785482
2015-08-05,3853.05,3905.41,3852.16,3905.41,10131246
2015-08-06,3874.95,3876.51,3802.84,3815.89,5121133
2015-08-07,3813.81,3822.74,3793.09,3810.25,6060221
2015-08-10,3816.9,3836.35,3811.56,3836.35,4172289
2015-08-11,3850.48,3857.01,3839.45,3854.31,6261436
2015-08-12,3855.01,3855.01,3821.66,3841.55,4610100
2015-08-13,3846.79,3868.34,3843.03,3851.04,6197998
2015-08-14,3849.59,3858.27,3838.43,3843.34,4110172
2015-08-17,3843.97,3857.01,3817.09,3817.09,3903370
2015-08-18,3821.12,3821.12,3793.46,3796.44,3421715
2015-08-19,3811.24,3839.94,3811.24,3839.94,2602151
2015-08-20,3835.02,3835.02,3814.1,3822.88,5632672
2015-08-21,3793.92,3803.25,3740.92,3743.03,4188526
2015-08-24,3601.08,3612.62,3474.51,3531.38,16718177
2015-08-25,3466.44,3611.24,3466.44,3576.08,7571926
2015-08-26,3563.02,3573.03,3530.38,3536.15,4308960
2015-08-27,3575.49,3637.22,3575,3627.51,6112534
2015-08-28,3658.16,3675.73,3645.01,3675.73,5396601
2015-08-31,3672.39,3677.34,3652.01,3677.34,6094108
2015-09-01,3654.7,3657.32,3602.11,3612.02,7132234
2015-09-02,3610.28,3634.18,3599.83,3601.17,5011986
2015-09-03,3608.13,3646.9,3608.13,3618.34,7142054
2015-09-04,3621.29,3624.29,3594.52,3612.41,4938773
2015-09-07,3612.64,3632.6,3591.49,3591.54,6628191
2015-09-08,3596.92,3627.06,3586.58,3627.06,3241149
2015-09-09,3647.59,3661.38,3636.17,3636.17,6839874
2015-09-10,3641.13,3666.37,3635.34,3665.55,6770263
2015-09-11,3671.24,3671.76,3652.13,3663.35,6236255
2015-09-14,3662.43,3667.09,3641.2,3667.09,5198274
2015-09-15,3660.62,3661.88,3641.35,3658.63,11200666
2015-09-16,3657.45,3678.59,3645.14,3678.59,6144648
2015-09-17,3674.57,3685.77,3663.89,3663.89,7984401
2015-09-18,3664.97,3671.64,3646.64,3657.87,7407370
2015-09-21,3659.5,3671.15,3652.29,3671.15,9254602
2015-09-22,3673.83,3680.07,3625.84,3631.12,19251723
2015-09-23,3627.37,3629.72,3579.27,3580.13,12830052
2015-09-24,3581.37,3598.54,3555.82,3566.61,16028053
2015-09-25,3577.94,3603.04,3574.96,3587.31,18312767
2015-09-28,3571.32,3579.95,3529.59,3532.36,16388890
2015-09-29,3497.91,3531.36,3487.67,3528.55,27134153
2015-09-30,3533.86,3576.75,3533.86,3576.75,10303797
2015-10-01,3593.25,3604.38,3584.48,3590,10810378
2015-10-02,3597.11,3597.11,3556.84,3556.84,5601220
2015-10-05,3569.13,3608.63,3563.97,3608.63,6987977
2015-10-06,3616.41,3661.28,3610.73,3661.28,4725638
2015-10-07,3676.77,3691.64,3663.41,3691.64,5309973
2015-10-08,3688.94,3697.94,3676.79,3690.61,16388721
2015-10-09,3709.69,3749.42,3708.41,3749.42,17167524
2015-10-12,3756.63,3762.57,3739.57,3753.57,9042686
2015-10-13,3754.39,3756.66,3717.34,3730.98,7024574
2015-10-14,3732.77,3734.06,3713.3,3713.3,6125979
2015-10-15,3712.67,3754.8,3712.67,3753.41,6990086
2015-10-16,3766.04,3769.84,3751.06,3751.06,5587159
2015-10-19,3749.49,3766.49,3748.14,3766.32,4399640
2015-10-20,3768.09,3792.1,3765.45,3792.1,4581834
2015-10-21,3791.44,3798.57,3755.55,3757.76,7166986
2015-10-22,3766.97,3767.49,3727.74,3734.01,8537955
2015-10-23,3739,3758.74,3739,3747.44,7678544
2015-10-26,3729.77,3755.4,3726.35,3746.01,4555956
2015-10-27,3749.54,3751.4,3734.41,3739.3,6080120
2015-10-28,3732.55,3745.67,3725.59,3745.67,6003907
2015-10-29,3750.71,3750.71,3683.31,3689.22,4825403
2015-10-30,3691.26,3705.87,3675.05,3681.26,3245061
2015-11-02,3688.43,3710.93,3683.09,3709.75,3251281
2015-11-03,3719.31,3719.64,3696.12,3703.13,6344337
2015-11-04,3712.58,3730.48,3708.95,3726.14,4163722
2015-11-05,3729.68,3739.54,3712.32,3732.49,8086865
2015-11-06,3727.69,3727.69,3674.41,3674.41,10959602
2015-11-09,3675.66,3691.37,3661.98,3661.98,5764232
2015-11-10,3671.4,3674.38,3650.16,3659.88,6216784
2015-11-12,3659.96,3666.54,3627.03,3648.67,4021463
2015-11-13,3652.4,3656.94,3619.06,3625.24,3833879
2015-11-16,3611.84,3621.73,3574.76,3614.25,16943164
2015-11-17,3621.68,3652.81,3621.68,3631.46,5479324
2015-11-18,3635.75,3644.11,3610.3,3620.25,5535334
2015-11-19,3627.35,3645.32,3627.35,3636.43,4575737
2015-11-20,3640.94,3652.54,3636.91,3652.54,3903480
2015-11-23,3651.88,3651.88,3585.54,3599.86,4598037
2015-11-24,3608.78,3608.78,3561.59,3583.81,5887011
2015-11-25,3585.63,3594.1,3579.11,3593.38,3777216
2015-11-26,3600.38,3635.07,3591.22,3631.54,5134095
2015-11-27,3633.47,3651.17,3632.42,3633.95,3517779
2015-11-30,3635.59,3674.2,3627.35,3654.29,6668250
2015-12-01,3655.17,3669.8,3632.16,3632.16,5821624
2015-12-02,3639.83,3642.68,3577.32,3577.46,10457149
2015-12-03,3573.15,3610.4,3573.15,3583.91,3375442
2015-12-04,3576.98,3578.89,3486.88,3549.95,6604419
2015-12-07,3558.74,3574.6,3553.5,3559.53,14740768
2015-12-08,3556.26,3571.35,3515.16,3532.05,17080206
2015-12-09,3528.21,3537.5,3446.18,3467.19,25875351
2015-12-10,3470.16,3507.93,3466.71,3466.71,16050461
2015-12-11,3480.9,3497.19,3415.82,3420.68,10608144
2015-12-14,3409.71,3414.36,3350.45,3360.18,10788524
2015-12-15,3359.2,3397.86,3354.08,3397.86,11451131
2015-12-16,3412.53,3431.49,3412.25,3416.81,12605579
2015-12-17,3438.77,3483.38,3438.77,3467.28,7787045
2015-12-18,3481.14,3484.79,3430.69,3477.41,8144831
2015-12-21,3475.09,3528.72,3475.09,3528.72,4959480
2015-12-22,3533.03,3543.3,3507.46,3535.48,5226856
2015-12-23,3532.43,3545.95,3527.16,3540.92,6560737
2015-12-28,3546.76,3553.13,3530.16,3553.13,10539546
2015-12-29,3554.27,3598.73,3551,3598.73,9459247
2015-12-30,3609.86,3609.86,3567.05,3567.05,13195614
2016-01-04,3542.48,3542.48,3511.64,3512.57,4365786
2016-01-05,3509.53,3540.47,3509.53,3531.23,3762556
2016-01-07,3487.08,3487.08,3462.09,3475.79,4375055
2016-01-08,3483.66,3488.84,3435.7,3438.13,6525202
2016-01-11,3445.26,3445.26,3384.13,3387.32,9033568
2016-01-12,3388.17,3457.59,3386.89,3457.59,9715236
2016-01-13,3475.27,3511.24,3475.27,3501.04,14782588
2016-01-14,3489.51,3495.8,3440.87,3455.83,13747118
2016-01-15,3466.42,3466.42,3399.53,3399.53,8893031
2016-01-18,3346.65,3375.12,3315.49,3315.49,10836818
2016-01-19,3338.86,3360.8,3327.59,3327.59,8275009
2016-01-20,3319.99,3319.99,3261.04,3262.45,8969674
2016-01-21,3262.23,3275.34,3221.93,3226.58,5418340
2016-01-22,3251.73,3279.94,3251.73,3262.21,6955641
2016-01-25,3284.97,3312.21,3281.43,3298.57,6570905
2016-01-26,3275.64,3297.47,3263.36,3295.4,6924277
2016-01-27,3298.09,3319.43,3296.09,3319.43,4822982
2016-01-28,3312.13,3359.75,3311.75,3350.58,4345372
2016-01-29,3358.95,3373.43,3350.9,3373.43,7801853
2016-02-01,3369.95,3392.32,3365.3,3389.92,4409241
2016-02-02,3386.98,3392.67,3378.27,3384.86,5075928
2016-02-03,3377.82,3385.84,3366.78,3372.8,6144981
2016-02-04,3386.79,3417.14,3380.6,3409.39,5626935
2016-02-05,3412.08,3442.67,3409.17,3437.99,9159708
2016-02-08,3435.22,3440.31,3385.74,3386.74,4919497
2016-02-09,3372.86,3374.32,3349.9,3359.02,5366540
2016-02-10,3363.39,3382.46,3337.89,3337.89,5424051
2016-02-11,3342.41,3348.57,3294.84,3313.21,5484754
2016-02-12,3310.25,3338.3,3310.25,3310.61,6627880
2016-02-15,3346.43,3359.11,3334.09,3356.64,3029710
2016-02-16,3365.67,3369.61,3331.78,3350.67,4732380
2016-02-17,3350.28,3447.53,3350.28,3447.53,8575626
2016-02-18,3460.18,3498.63,3447.26,3474.83,4886610
2016-02-19,3474.17,3474.24,3409.3,3413.89,10431735
2016-02-22,3424.8,3464.11,3424.8,3453.9,22000170
2016-02-23,3442.49,3481.41,3440.83,3481.41,8213359
2016-02-24,3478.78,3481.54,3435.29,3444.6,4221137
2016-02-25,3449.92,3472.11,3433.39,3433.39,4883186
2016-02-26,3457.47,3485.74,3452.98,3478.59,8802420
2016-02-29,3460.09,3482.54,3459.29,3469.65,37743639
2016-03-01,3462.21,3466.67,3422.69,3436.12,15246746
2016-03-02,3458.5,3461.07,3428.01,3438.76,5700386
2016-03-03,3449.5,3507.24,3449.06,3507.24,5717088
2016-03-04,3512.15,3526.24,3503.74,3504.6,7893182
2016-03-07,3515.79,3534.56,3515.79,3530.52,7628983
2016-03-08,3535.31,3535.31,3518.49,3533.04,5100401
2016-03-09,3521.52,3526.08,3489.29,3503.6,4818289
2016-03-10,3504.79,3534.97,3504.79,3517.25,4651235
2016-03-11,3537.94,3548.89,3528.8,3545.08,8138204
2016-03-14,3558.49,3571.59,3552,3562.06,5682492
2016-03-15,3558.56,3558.56,3533.12,3545.27,4931640
2016-03-16,3545.07,3548.31,3522.72,3533,3952596
2016-03-17,3541.54,3568.96,3541.27,3563.95,8371786
2016-03-18,3563.44,3598.12,3548.6,3574.55,8665017
2016-03-21,3570.29,3579.08,3564.45,3571.56,7258636
2016-03-22,3576.74,3580.8,3526.6,3548.93,11088414
2016-03-23,3549.45,3561.65,3543,3555.05,9862833
2016-03-24,3562.72,3564.25,3542.36,3560.52,7357109
2016-03-29,3561.37,3576.15,3558.16,3576.15,10020081
2016-03-30,3590.05,3598.54,3584.94,3598.02,10858346
2016-03-31,3599.56,3612.3,3593.38,3612.3,7202017
2016-04-01,3606.64,3607.55,3564.47,3578.65,4588022
2016-04-04,3585.51,3603.95,3571.62,3603.95,4930021
2016-04-05,3600.84,3601.84,3547.67,3558.15,3875503
2016-04-06,3562.86,3566.71,3489.43,3489.43,4050958
2016-04-07,3506.53,3539.87,3506.53,3525.61,6203296
2016-04-08,3527.98,3552.31,3525.4,3552.31,4259063
2016-04-11,3543.63,3559.26,3538.65,3551.75,5611197
2016-04-12,3570.39,3571.45,3542.5,3547.27,3826320
2016-04-13,3559.37,3596.61,3559.37,3596.61,3859581
2016-04-14,3599.48,3610.05,3594.67,3603.52,5865452
2016-04-15,3611.9,3611.9,3587.77,3600.43,5831956
2016-04-18,3595.43,3597.06,3573.78,3597.06,6341691
2016-04-19,3593.69,3608.9,3590.63,3608.14,5172485
2016-04-20,3619.45,3631.94,3602.05,3628.59,8075036
2016-04-21,3639.34,3657.73,3635.96,3653.99,13710733
2016-04-22,3655.08,3671.13,3641.87,3666.54,10836845
2016-04-25,3667.91,3669.87,3640.71,3658.73,10002500
2016-04-26,3658.62,3662.66,3616.4,3628.98,6744410
2016-04-27,3637.25,3640.03,3607.73,3622.13,4564440
2016-04-28,3620.67,3625.86,3591.31,3613.42,4411588
2016-04-29,3615.05,3619.99,3603.28,3614.33,2593049
2016-05-02,3622.23,3629.46,3609.72,3617.71,1399654
2016-05-04,3610.17,3610.17,3574.08,3580.09,3225499
2016-05-05,3565.7,3565.79,3533.73,3536.11,3459709
2016-05-06,3543.3,3549.68,3524.45,3534.2,5309464
2016-05-09,3549.36,3555.71,3539.45,3544.85,3403708
2016-05-10,3552.53,3555.09,3507.95,3518.98,3152537
2016-05-11,3519.11,3525.08,3502.08,3514.43,4026932
2016-05-12,3522.37,3541.33,3512.24,3516.44,5339775
2016-05-13,3521.75,3521.75,3502.84,3510.59,3449949
2016-05-16,3515.79,3547.58,3515.79,3544.57,4680681
2016-05-17,3548.56,3556.27,3535.83,3550.84,6638371
2016-05-18,3547.43,3554.03,3532.84,3549.74,4586925
2016-05-19,3547.11,3550.43,3498.63,3503.44,4674573
2016-05-20,3508.83,3514.82,3479.35,3479.35,3412138
2016-05-23,3483.47,3497.6,3476.84,3496.91,3761338
2016-05-24,3495.01,3512.12,3487.98,3509.86,3190494
2016-05-25,3516.87,3542.76,3514.66,3542.76,6925194
2016-05-27,3546.76,3573.71,3540.59,3573.71,2088793
2016-05-30,3576.49,3576.55,3519.45,3538.57,2330993
2016-05-31,3538.82,3542.64,3481.43,3484.18,3313440
2016-06-01,3482.1,3485.34,3403.71,3403.83,10107744
2016-06-02,3401.52,3422.5,3395.28,3411.19,3759993
2016-06-03,3426.74,3486.81,3420.05,3486.81,3250877
2016-06-06,3495.08,3499.36,3462.72,3483.94,3153902
2016-06-07,3495,3546.79,3492.3,3546.79,3237182
2016-06-08,3537.38,3557.56,3529.51,3549.59,2308639
2016-06-09,3547.24,3547.24,3515.51,3515.51,3032894
2016-06-10,3525.49,3525.49,3487,3497.64,2723784
2016-06-13,3472.42,3474.94,3436.63,3453.13,4002097
2016-06-14,3442.63,3446.93,3410.66,3434.75,5135570
2016-06-15,3425.75,3436.87,3419.16,3430.46,3985418
2016-06-16,3416.69,3417.27,3365.82,3369.26,6695385
2016-06-17,3375.22,3467.52,3374.71,3438.72,3272042
2016-06-20,3451.32,3465.71,3447.31,3458.72,3995039
2016-06-21,3459.7,3477.54,3454.12,3469.41,5181772
2016-06-22,3472.03,3490.05,3457.48,3484.64,3419133
2016-06-23,3488.48,3523.1,3473.6,3520.59,5117146
2016-06-24,3322.98,3347.12,3243.57,3347.12,10473035
2016-06-27,3356.62,3360.95,3312.89,3312.89,3163283
2016-06-28,3322.79,3391.19,3322.79,3380.21,3300950
2016-06-29,3402.31,3414.91,3376.91,3393.65,3768631
2016-06-30,3403.43,3405.06,3377.75,3393.01,2594570
2016-07-01,3396.07,3402.02,3377.22,3400.26,1955475
2016-07-04,3356.92,3357.68,3310.18,3336.83,2361003
2016-07-05,3343.65,3346,3324.59,3326.86,1195415
2016-07-06,3329.96,3333.51,3285.27,3285.27,2353354
2016-07-07,3297.89,3336.98,3295.92,3327.68,3038324
2016-07-08,3331.16,3349.81,3331.16,3345.5,1303672
2016-07-11,3359.92,3400.14,3359.92,3400.14,2263229
2016-07-12,3409.44,3431.77,3409.44,3431.77,1835599
2016-07-13,3444.38,3451.67,3432.89,3449.78,2007121
2016-07-14,3452.18,3452.83,3432.15,3447.42,4357698
2016-07-15,3446.01,3464.53,3444.94,3460.21,2214959
2016-07-18,3464.69,3492.93,3464.5,3491.22,2243239
2016-07-19,3488.05,3492.91,3473.64,3489.07,2723961
2016-07-20,3499.92,3518.04,3486.04,3518.04,2758485
2016-07-21,3515.2,3544.64,3512.76,3542.77,3671093
2016-07-22,3546.24,3572.14,3532.91,3563.85,4316402
2016-07-25,3573.61,3598.46,3573.61,3595.55,3551750
2016-07-26,3600.5,3607.14,3586.56,3607.14,5044564
2016-07-27,3607.99,3607.99,3576.96,3602.99,5831523
2016-07-28,3600.11,3618.91,3597.65,3618.91,4093601
2016-07-29,3614.57,3621.91,3585.76,3596.87,3623802
2016-08-01,3604.67,3624.16,3602.43,3606.55,3831149
2016-08-02,3629.44,3652.16,3628.89,3644.93,9368231
2016-08-03,3642.04,3642.72,3624.34,3631.56,6646001
2016-08-04,3637.23,3666.61,3636.82,3666.61,4721564
2016-08-05,3669.76,3701.06,3668.38,3701.06,3255843
2016-08-08,3698.81,3730.77,3698.81,3728.44,3783921
2016-08-09,3729.62,3789.53,3728.57,3785.98,5014960
2016-08-10,3789.7,3802.21,3778.98,3802.21,5840347
2016-08-11,3807.4,3822.09,3800.68,3822.09,3313830
2016-08-12,3831.37,3847.85,3822.26,3844.19,6213638
2016-08-16,3855.46,3858.13,3821.4,3846.85,6095350
2016-08-17,3843.92,3844.72,3811.64,3822.96,3733261
2016-08-18,3830.21,3830.21,3799.49,3824.25,3212327
2016-08-19,3832.93,3832.93,3791.2,3805.38,2925071
2016-08-22,3814.26,3833.53,3807.39,3833.53,3068751
2016-08-23,3838.17,3856.03,3827.5,3851.98,4703631
2016-08-24,3840.91,3853.47,3835.35,3850.73,5129568
2016-08-25,3865.46,3869.69,3850.68,3869.69,10400467
2016-08-26,3873.7,3890.71,3870.52,3890.65,4004362
2016-08-29,3883.7,3884.43,3868.13,3875.3,4494860
2016-08-30,3886.26,3940.31,3879.01,3940.31,4821033
2016-08-31,3945.54,3953.59,3925.54,3942.63,6385827
2016-09-01,3948.49,3958.93,3882.97,3897.52,8469647
2016-09-02,3897.95,3917.6,3897.1,3915.39,6220038
2016-09-05,3922.52,3984.11,3917.54,3984.11,5916112
2016-09-06,3991.03,4007.49,3973.34,4004.48,8514905
2016-09-07,4011.06,4042.72,4008.14,4020.55,8155543
2016-09-08,4024.19,4024.84,3994.89,4000.47,6774323
2016-09-09,4001,4007.52,3958.15,3963.1,5677196
2016-09-12,3944.96,3951.04,3888.44,3912.73,4399883
2016-09-13,3925.33,3950.27,3920.97,3941.99,4686165
2016-09-14,3942.95,3958.33,3935.59,3955.38,4014575
2016-09-15,3975,3980.86,3958.74,3975.85,5654976
2016-09-16,3983.23,4040.15,3971.72,4030.93,3653732
2016-09-19,4034.65,4038.72,4012.11,4022.9,4014219
2016-09-20,4023.35,4026.28,4013.28,4026.15,4653309
2016-09-21,4030.55,4044.43,4028.66,4044.43,5178255
2016-09-22,4062.71,4104.77,4062.67,4104.77,6745070
2016-09-23,4104.99,4104.99,4063.22,4081.44,4124506
2016-09-26,4085.75,4087.75,4049.73,4071.06,3321698
2016-09-27,4060.95,4071.02,4037.77,4061.92,5395762
2016-09-28,4059.39,4060.39,4023.68,4055.74,4055852
2016-09-29,4071.44,4081.31,4038.19,4059.3,3852236
2016-09-30,4041.82,4051.34,4025.93,4030.06,5616568
2016-10-03,4029.85,4042.85,4019.83,4035.77,7601816
2016-10-04,4046.81,4053.49,4029.39,4038.86,8852665
2016-10-05,4041.35,4049.85,4027.46,4039.39,7608192
2016-10-06,4052.71,4052.71,4024.72,4040.46,5342351
2016-10-07,4047.59,4056.37,4015.69,4015.69,3382889
2016-10-10,4018.09,4024.18,3995.84,4017.37,3063288
2016-10-11,4046.94,4055.84,4015.91,4039.22,3842893
2016-10-12,4031.22,4036.42,4008.23,4023.68,4188204
2016-10-13,4030.1,4030.68,4004.64,4004.64,7891461
2016-10-14,4016.71,4055.16,4016.71,4040.07,4272714
2016-10-17,4042.73,4076.06,4037.6,4069.44,3061549
2016-10-18,4085.67,4092.94,4074.83,4091.92,3694866
2016-10-19,4095.6,4109.42,4090.58,4107.37,4999701
2016-10-20,4114.77,4119.33,4078.5,4085.03,3940082
2016-10-21,4096.21,4100.9,4074.06,4079.47,3083213
2016-10-24,4089.35,4105.65,4086.47,4100.05,6273191
2016-10-25,4106.03,4110.58,4063.76,4070.82,6668344
2016-10-26,4073.43,4083.22,4062.29,4075.26,4614589
2016-10-27,4069.62,4077.56,4051.63,4074.32,3289714
2016-10-28,4074.12,4081.87,4067.8,4073.22,4486063
2016-10-31,4071.8,4116.21,4071.8,4116.21,3218164
2016-11-02,4105.81,4105.81,3985.85,4000,4325831
2016-11-03,4003.84,4012.04,3994.39,4004.37,3849305
2016-11-04,3992.8,3993.12,3939.97,3953.94,4587000
2016-11-07,3975.8,3986.62,3954.62,3966.85,2948069
2016-11-08,3986.44,3992.98,3972.93,3987.16,4102768
2016-11-09,3892.99,3972.66,3892.99,3972.66,5726539
2016-11-10,3994.91,4052.21,3994.91,4013.9,6038101
2016-11-14,4029.09,4038.64,3955.8,3964.29,7122537
2016-11-15,3974.22,3983.68,3957.19,3982.87,4445641
2016-11-16,3983.78,3993.17,3966.23,3988.68,6909208
2016-11-17,4003.63,4003.99,3953.83,3956.42,4445124
2016-11-18,3945.23,3947.28,3890.63,3938.24,4516953
2016-11-21,3955.02,3975.11,3939.33,3975.11,9400181
2016-11-22,3985.87,4035.96,3984.12,4035.96,5293231
2016-11-23,4044.82,4079.58,4035.7,4079.58,5182789
2016-11-24,4085.85,4112.88,4082.17,4110.03,3125993
2016-11-25,4113.26,4114.38,4083.16,4094.54,5172379
2016-11-28,4102.98,4114.58,4085.39,4096.95,5256275
2016-11-29,4113.8,4113.8,4057.32,4067.69,6601063
2016-11-30,4072.41,4104.53,4060.29,4103.49,18132516
2016-12-01,4111.67,4126.44,4097.12,4117.39,5329304
2016-12-02,4132.8,4144.43,4124.13,4140.83,4605395
2016-12-05,4159.57,4181.57,4152.06,4181.57,4257510
2016-12-06,4188.47,4207.5,4178.06,4205.76,7929892
2016-12-07,4209.67,4223.84,4167.59,4167.59,9387259
2016-12-08,4169.08,4228.28,4153.92,4228.28,9398372
2016-12-09,4232.75,4237.91,4193.17,4203.58,5505111
2016-12-12,4215.56,4220.02,4191.02,4212.07,4611316
2016-12-13,4210.07,4249.41,4208.01,4239.1,5391534
2016-12-14,4242.93,4243.7,4203.18,4218.76,7139441
2016-12-15,4208.7,4219.87,4179.16,4189.09,5013406
2016-12-16,4200.84,4250.12,4160.39,4220.07,9010912
2016-12-19,4202.72,4202.72,4175.3,4189.86,5065617
2016-12-20,4195.52,4216.1,4192.65,4215.8,8937132
2016-12-21,4202.54,4205.06,4167.22,4177.07,4949400
2016-12-22,4180.58,4180.58,4137.35,4157,4819206
2016-12-23,4166.68,4171.17,4148.41,4165.03,3116992
2016-12-27,4167.65,4175.55,4154.94,4175.55,4883617
2016-12-28,4181.9,4188.32,4168.15,4185.25,4706395
2016-12-29,4189.89,4213.57,4188.33,4213.57,4427607
2016-12-30,4208.29,4230.39,4208.29,4215.54,6446032
2017-01-02,4229.85,4232.76,4185.43,4200.18,3199191
2017-01-03,4197.83,4219.29,4197.49,4214.73,9673515
2017-01-04,4221.28,4236.75,4212.43,4230.99,12284321
2017-01-05,4229.91,4235.33,4213.08,4223.36,10548647
2017-01-09,4233.58,4257.49,4220.43,4257.49,10651239
2017-01-10,4264.4,4316.73,4264.4,4316.73,12498920
2017-01-11,4323.1,4380.51,4323.1,4380.51,12094355
2017-01-12,4391.99,4409.72,4381.21,4399.05,12197112
2017-01-13,4402.28,4402.35,4367.04,4385.43,10319424
2017-01-16,4383.67,4402.5,4380.12,4395.66,12176235
2017-01-17,4394.47,4405.17,4385.9,4399.03,12020687
2017-01-18,4413.7,4417.02,4395.24,4402.49,17343476
2017-01-19,4410.74,4426.01,4410.74,4425.55,5370613
2017-01-20,4420.82,4449.28,4418.21,4443.18,5543126
2017-01-23,4440.37,4486.65,4440.37,4470.05,8044964
2017-01-24,4481.08,4516.94,4474.66,4516.94,11391304
2017-01-25,4541.17,4629.03,4540.09,4629.03,12492404
2017-01-26,4658.25,4674.75,4640.52,4642.14,13748726
2017-01-27,4666.76,4667.53,4621.63,4644.6,9137136
2017-01-30,4655.1,4661.35,4612.33,4627.92,10572405
2017-01-31,4629.88,4652.85,4607.84,4643.2,8406484
2017-02-01,4656.24,4675.53,4646.13,4654.14,8368213
2017-02-02,4653.69,4669.14,4617.91,4625.85,9286757
2017-02-03,4629.62,4631.72,4589.53,4602.96,8063402
2017-02-06,4603.75,4625.88,4595.91,4600.51,7243069
2017-02-07,4593.44,4613.35,4590.24,4610.91,5334345
2017-02-08,4615.9,4637.71,4595.75,4637.71,12286581
2017-02-09,4655.15,4733.54,4654.56,4733.54,12116311
2017-02-10,4754.93,4803.75,4754.93,4799.41,35155028
2017-02-13,4809.77,4819.56,4795.93,4809.51,26551614
2017-02-14,4813.48,4815.54,4779.77,4800.66,9886211
2017-02-15,4801.48,4810.5,4788.69,4795.39,8297622
2017-02-16,4797.83,4839.35,4797.4,4838.2,8682347
2017-02-17,4835.11,4836.48,4790.1,4790.1,8913606
2017-02-20,4801.99,4815.24,4794.98,4800.47,5311352
2017-02-21,4804.99,4883.48,4804.99,4883.48,7935768
2017-02-22,4909.9,4919.86,4882.56,4900.1,6630735
2017-02-23,4917.2,4919.73,4893.73,4906.88,7290756
2017-02-24,4904,4911.96,4836.9,4856.97,9824838
2017-02-27,4864.19,4881.08,4836.2,4867.29,6753557
2017-02-28,4852.56,4856.97,4807.1,4840.21,9734871
2017-03-01,4857.19,4915.67,4849.53,4915.67,17893717
2017-03-02,4932.62,4961.65,4923.73,4929.32,14266736
2017-03-03,4928.54,4928.54,4896.16,4896.16,7474293
2017-03-06,4905.68,4905.68,4862.66,4862.66,6916204
2017-03-07,4854.07,4855.27,4808.05,4827.47,8276379
2017-03-08,4821.32,4821.32,4769.89,4785.21,19486718
2017-03-09,4784.56,4789.77,4722.78,4738.19,10925300
2017-03-10,4754.08,4803.26,4752.66,4770.01,5764279
2017-03-13,4801.98,4850.32,4797.03,4840.08,5721715
2017-03-14,4863.41,4866.21,4834.15,4857.29,7808776
2017-03-15,4871.73,4889.88,4838.05,4843.88,4761557
2017-03-16,4889.99,4922.33,4889.99,4904.78,8713410
2017-03-17,4921.05,4939.01,4883.35,4893.95,9676545
2017-03-20,4903.59,4918.68,4879.47,4890.14,7206175
2017-03-21,4893.58,4901.11,4808.37,4830.21,18774589
2017-03-22,4787.03,4787.03,4728.75,4771.31,14545716
2017-03-23,4772.03,4828.58,4772.03,4807.07,11052124
2017-03-24,4799.3,4807.02,4778.89,4795.92,9012765
2017-03-27,4746.28,4759.09,4726.23,4745.99,6050449
2017-03-28,4768.98,4794.63,4768.98,4794.63,8921523
2017-03-29,4809.2,4818.74,4770.75,4786.63,8027826
2017-03-30,4791.85,4799.31,4742.29,4763.99,6208669
2017-03-31,4772.27,4774.54,4734.93,4743.66,5078463
2017-04-03,4753.2,4757.28,4725.94,4732.67,9952670
2017-04-04,4741.6,4751.05,4734.46,4747.47,8676710
2017-04-05,4757.94,4785.21,4757.4,4778.17,11343744
2017-04-06,4762.05,4787.49,4754.66,4787.49,9218553
2017-04-07,4784.84,4798.19,4765.96,4774.01,7095697
2017-04-10,4773.66,4778.98,4736.58,4738.28,8464540
2017-04-11,4746.62,4752.47,4674.72,4674.72,6840416
2017-04-12,4678.55,4708.32,4678.55,4681.02,7807253
2017-04-13,4686.85,4696.3,4676.12,4678.22,5026783
2017-04-18,4691.2,4712.64,4669.3,4684.78,7744277
2017-04-19,4688.74,4722.81,4682.42,4721.64,7733478
2017-04-20,4735.04,4740.97,4703.36,4721.41,7832028
2017-04-21,4728.16,4742.57,4695.26,4707.81,7562024
2017-04-24,4725.89,4777.07,4720.41,4775.38,6125539
2017-04-25,4811.72,4848.1,4791.76,4848.1,13837914
2017-04-26,4853.09,4856.39,4817.4,4856.39,7992371
2017-04-27,4844.84,4874.25,4832.72,4865.27,6846585
2017-04-28,4866.46,4884.72,4850.92,4858.05,9324974
2017-05-02,4899.66,4931.72,4892.03,4907.36,6442691
2017-05-04,4918.75,4942.55,4877.48,4907.03,9614923
2017-05-05,4900.07,4900.07,4859.07,4890.67,5332394
2017-05-08,4904.51,4905.75,4873.24,4886.01,8318960
2017-05-09,4908.39,4928.84,4874.72,4895.03,7234807
2017-05-10,4899.14,4916.29,4877.81,4913.57,10689095
2017-05-11,4926.1,4936.66,4890.79,4914.11,11977492
2017-05-12,4898.64,4901.46,4867.59,4872.83,7823062
2017-05-15,4875.62,4880.19,4862.88,4867.04,4414879
2017-05-16,4865.07,4881.68,4809.16,4820.41,9710133
2017-05-17,4786,4798.62,4753.04,4763.22,9912354
2017-05-18,4730.42,4747.68,4661.16,4721.62,10966417
2017-05-19,4722.85,4791.46,4713.44,4788.56,11019779
2017-05-22,4786.54,4819.15,4786.54,4803.22,6279346
2017-05-23,4801.4,4811.82,4778.07,4793.2,6169843
2017-05-24,4791.75,4825.2,4789.48,4822.79,7620592
2017-05-25,4857.94,4873.16,4849.71,4866.05,9611314
2017-05-26,4864.21,4864.21,4831.67,4837.35,5094229
2017-05-29,4831.5,4836.96,4810.75,4830.11,4252903
2017-05-30,4824.98,4838.09,4803.69,4826.41,6463599
2017-05-31,4822.37,4828.7,4782.84,4798.74,13585916
2017-06-01,4814.86,4845.52,4799.62,4845.11,5784567
2017-06-02,4860.27,4897.05,4860.27,4889.66,4692685
2017-06-05,4901.69,4914.91,4850.55,4857.87,4835743
2017-06-06,4848.4,4882.48,4838.72,4881.3,5195371
2017-06-07,4879.07,4894.11,4852.36,4865.59,4889342
2017-06-08,4865.81,4873.66,4851.48,4868.48,4278629
2017-06-09,4876.24,4894.76,4862.11,4875.06,6319371
2017-06-12,4859.84,4864.78,4807.01,4822.67,5245357
2017-06-13,4820.39,4834.08,4811.35,4830.9,4204046
2017-06-14,4834.23,4840.24,4811.8,4826.65,10730983
2017-06-16,4811.99,4839.52,4799.16,4799.16,7562974
2017-06-19,4810.58,4838.55,4810.58,4829.26,7559110
2017-06-20,4836.06,4854.26,4834.78,4854.26,5504288
2017-06-21,4852.8,4871.69,4824.46,4869.35,7425690
2017-06-22,4863.88,4882.68,4857.97,4869.35,7831022
2017-06-23,4880.77,4898.91,4877.94,4888.14,3542709
2017-06-26,4906.55,4937.35,4900.05,4930.37,9398926
2017-06-27,4934.48,4964.34,4920.79,4957.25,15318425
2017-06-28,4922.34,4926.75,4891.6,4891.8,7577633
2017-06-29,4903.68,4913.81,4875.56,4903.45,6409355
2017-06-30,4896.13,4907.43,4877.02,4907.43,6745024
2017-07-03,4909.66,4910.26,4883.39,4895.84,3686680
2017-07-04,4881.75,4883.48,4841.28,4841.28,5138227
2017-07-05,4846.66,4854.97,4809.33,4838.1,4167856
2017-07-06,4836.36,4848.67,4828.06,4848.67,3049862
2017-07-07,4847.96,4853.42,4820.93,4820.93,3026269
2017-07-10,4826.53,4845.26,4819.97,4833.32,3828651
2017-07-11,4848.82,4849.47,4814.22,4819.57,3569642
2017-07-12,4830.99,4863.92,4830.45,4863.92,5834039
2017-07-13,4867.23,4892.56,4859.35,4885.23,9551423
2017-07-14,4895.9,4917.29,4888.91,4917.29,5830642
2017-07-17,4918.29,4945.32,4918.11,4935.93,5791870
2017-07-18,4934.68,4938.47,4908.42,4916.3,6635683
2017-07-19,4919.26,4920.52,4883.64,4903.11,7159640
2017-07-20,4911.93,4935.76,4893.03,4904.81,5912056
2017-07-21,4896.76,4917.4,4893.6,4898.31,4300285
2017-07-24,4904.9,4907.89,4886.17,4901.13,4718418
2017-07-25,4909.73,4916.47,4898.63,4912.74,5384591
2017-07-26,4927.39,4932.21,4920.23,4930.59,5929749
2017-07-27,4931.05,4939.96,4917.57,4924.95,12109272
2017-07-28,4925.76,4932.86,4902.63,4932.49,13176535
2017-07-31,4931.12,4943.06,4916.99,4930.77,7980064
2017-08-01,4939.67,4942.95,4923.52,4931.23,9522361
2017-08-02,4949.13,4953.73,4920.75,4928,15254019
2017-08-03,4916.82,4919.72,4865.44,4874.71,22107979
2017-08-04,4877.01,4894.56,4861.23,4868.04,25188720
2017-08-07,4877.8,4891.75,4876.08,4890.36,14358739
2017-08-08,4901.39,4907.9,4891.7,4904.19,14563961
2017-08-09,4905.43,4905.74,4858.62,4868.06,7233326
2017-08-10,4877.44,4878.97,4848.24,4848.24,9223506
2017-08-11,4818.61,4831.47,4808.45,4831.47,8224840
2017-08-14,4849.89,4855.08,4832.72,4839.94,5547485
2017-08-16,4844.68,4874.32,4840.17,4867.1,6795116
2017-08-17,4870.13,4879.7,4862.29,4866.26,5583397
2017-08-18,4853.66,4868.41,4850.59,4865.55,5312623
2017-08-21,4867.74,4887.72,4866.22,4887.72,4549662
2017-08-22,4893.7,4901.94,4871.45,4887.68,6146674
2017-08-23,4885.27,4885.27,4844.84,4863.13,8731915
2017-08-24,4857.25,4879.3,4852.22,4879.3,7144235
2017-08-25,4873.58,4884.81,4866.8,4876.38,8774411
2017-08-28,4867.93,4888.5,4863.92,4887.1,10819793
2017-08-29,4880.66,4888.47,4806.14,4832.12,6972008
2017-08-30,4849.39,4859.99,4834.47,4856,11989439
2017-08-31,4864.51,4907.78,4864.51,4907.78,11604457
2017-09-01,4906.34,4924.4,4889.88,4909.22,5953572
2017-09-04,4903.03,4914.63,4893.15,4909.5,3237400
2017-09-05,4912.67,4925.38,4895.99,4910.33,4904839
2017-09-06,4910.05,4920.61,4839.34,4863.06,10926896
2017-09-07,4880.31,4888.34,4853.31,4865.64,8389808
2017-09-08,4870.02,4898.67,4864.91,4889.39,22115602
2017-09-11,4897.8,4913.24,4890.59,4895.63,11853979
2017-09-12,4912.26,4943.95,4894.57,4927.9,13487048
2017-09-13,4920.98,4953.24,4920.98,4933.13,9384808
2017-09-14,4942.03,4947.01,4896.36,4905.33,7786675
2017-09-15,4909.99,4925.76,4881.27,4881.27,13123552
2017-09-18,4889.64,4913.01,4882.93,4893.39,8129919
2017-09-19,4897.18,4909.41,4885.71,4908.91,8563469
2017-09-20,4925.97,4938.83,4920.45,4932.16,9144883
2017-09-21,4940.81,4946.5,4912.23,4931.14,11467332
2017-09-22,4930.27,4938.81,4895.89,4924.84,7198535
2017-09-25,4925.99,4929.99,4906.11,4916.8,7555629
2017-09-26,4917.18,4922.65,4889.68,4911.84,7144599
2017-09-27,4906.53,4927.97,4906.53,4919.78,8075852
2017-09-28,4931.01,4959.12,4925.42,4959.12,11375894
2017-09-29,4965.43,4988.02,4962.94,4988.02,12394650
2017-10-02,4985.24,4997.18,4959.97,4974.19,8984368
2017-10-03,4985.65,4996.16,4949.34,4956.01,8024433
2017-10-04,4948.74,4953.43,4907.48,4912.74,7484550
2017-10-05,4910.8,4929.23,4908.92,4928.62,7126294
2017-10-06,4935.98,4948.28,4924.02,4930.58,12077672
2017-10-09,4923.22,4935.73,4915.49,4922.86,5395016
2017-10-10,4942.57,4946.96,4907.33,4922.67,19328748
2017-10-11,4926.37,4967.18,4919.53,4949.91,24986960
2017-10-12,4976.4,4997.2,4964.26,4964.26,26728739
2017-10-13,4977.65,4984.49,4948.61,4948.61,9496252
2017-10-16,4970.5,4974.82,4947,4960.7,8235902
2017-10-17,4955.09,4955.09,4888.22,4888.22,10873221
2017-10-18,4892.47,4901.93,4844.37,4846.8,7168298
2017-10-19,4847.26,4863.81,4800.7,4820.03,10787843
2017-10-20,4822.99,4834.16,4796.33,4831.82,15360010
2017-10-23,4829.01,4838.82,4787.48,4794.11,7424966
2017-10-24,4802.73,4802.73,4724.32,4724.54,8951987
2017-10-25,4730.04,4765.72,4717.77,4763.56,9164717
2017-10-26,4767.14,4784.26,4754.45,4784.26,9684538
2017-10-27,4801.04,4821.85,4786.79,4821.85,20459389
2017-10-30,4839.99,4850.01,4832.49,4850.01,14772347
2017-10-31,4850.92,4875.44,4837.84,4875.44,12327380
2017-11-02,4892.85,4893.45,4849.58,4860.41,8882636
2017-11-03,4869.8,4876.07,4845.76,4848.38,9454485
2017-11-06,4852.25,4858.19,4826.4,4855.92,8609484
2017-11-07,4863.13,4933.17,4860.99,4922.71,14248098
2017-11-08,4918.81,4931.36,4895.7,4903.11,10896738
2017-11-09,4891.81,4904.17,4858.21,4877.83,8242638
2017-11-10,4860.5,4877.95,4833.37,4833.37,5176381
2017-11-13,4837.58,4838.43,4762.44,4776.75,10289048
2017-11-14,4805.2,4810.49,4721.56,4749.5,13185934
2017-11-15,4747.98,4756.15,4692.81,4715.73,8873497
2017-11-16,4729.73,4737.77,4720.29,4736.74,7511779
2017-11-17,4750.54,4786.21,4746.76,4782.21,9691409
2017-11-20,4787.12,4829.48,4787.12,4829.48,8508778
2017-11-21,4829.83,4839.68,4801.7,4838.84,9196443
2017-11-22,4778.37,4823.93,4778.37,4823.93,9578956
2017-11-23,4814.7,4837.48,4801.4,4809,6244375
2017-11-24,4822.1,4839.21,4814.52,4827,10032894
2017-11-27,4826.71,4849.76,4817.95,4826.62,13747659
2017-11-28,4817.09,4824.43,4800.89,4811.44,9274984
2017-11-29,4805.62,4816.82,4748.73,4760.45,20025623
2017-11-30,4739.37,4765.5,4736.66,4750.25,32140351
2017-12-01,4752.52,4760.92,4694.98,4724,11252258
2017-12-04,4722.98,4749.17,4684.59,4740.69,6248339
2017-12-05,4732.04,4776.45,4732.04,4772.56,10683328
2017-12-06,4757.13,4758.87,4710.5,4741.19,9230248
2017-12-07,4745.5,4769.77,4734.48,4745.32,7126344
2017-12-08,4750.83,4757.34,4720.96,4734.98,6937151
2017-12-11,4738.83,4751.38,4701.16,4715.39,6123491
2017-12-12,4714.43,4744.68,4704.68,4744.68,9119459
2017-12-13,4744.45,4766.29,4739.11,4766.29,11015919
2017-12-14,4773.95,4775.45,4713.45,4737.36,10655541
2017-12-15,4739.56,4744.23,4712.12,4733.96,13113880
2017-12-18,4735.59,4759.9,4728.16,4759.9,7093988
2017-12-19,4762.19,4780.92,4753.48,4780.92,9929918
2017-12-20,4784.75,4785.15,4740.56,4753.85,10145155
2017-12-21,4743.42,4772,4738.61,4772,9688404
2017-12-22,4764.01,4786.87,4764.01,4785.76,9986375
2017-12-27,4791.47,4825.75,4785.01,4825.75,27136578
2017-12-28,4838.82,4850.76,4827.29,4849.99,12602612
2017-12-29,4836.54,4850.45,4827.26,4847.27,8871153
2018-01-03,4876.56,4902.66,4845.26,4871.9,6984084
2018-01-04,4888.22,4924.17,4888.22,4923.66,14763225
2018-01-05,4934.64,4939.36,4923.55,4935.36,7473405
2018-01-08,4944.49,4972.89,4943.58,4972.89,7589058
2018-01-09,4974.86,4986,4929.64,4955.22,10156030
2018-01-10,4948.59,4948.59,4875.6,4887.38,7653315
2018-01-11,4891.23,4915.4,4864.26,4911.5,8024728
2018-01-12,4920.37,4933.1,4903.01,4907.68,6604433
2018-01-15,4914.15,4919.69,4893.47,4897.63,4516161
2018-01-16,4909.01,4933.65,4895.89,4931.21,9132698
2018-01-17,4943.59,4974.99,4938.31,4969.73,7606248
2018-01-18,4984.42,5026.43,4970.05,5024.21,8835731
2018-01-19,5035.92,5038.05,5005.85,5024.2,8919900
2018-01-22,5033.48,5045.2,5014.37,5044.48,6029018
2018-01-23,5066.18,5085.99,5031.06,5069.12,6904563
2018-01-24,5059.7,5077.17,5035.87,5060.08,5585139
2018-01-25,5052.5,5056.11,4998.45,4998.45,6780239
2018-01-26,5004.35,5030.8,4990.54,5018.59,5989301
2018-01-29,5036.44,5041.25,5002.62,5024.91,18943551
2018-01-30,5019.09,5019.09,4956.55,4988.05,8832810
2018-01-31,4994.55,5028.18,4989.77,5023.24,8768668
2018-02-01,5013.05,5030.96,4940.87,4982.01,11108573
2018-02-02,4970.32,4981.49,4935.05,4958.21,6625689
2018-02-05,4907.67,4909.6,4860.2,4875.74,7716477
2018-02-06,4689.98,4770.32,4689.98,4749.82,15725441
2018-02-07,4777.92,4807.77,4765.51,4799.73,8453687
2018-02-08,4807.02,4817.33,4789.39,4790.38,10779292
2018-02-09,4726.27,4759.95,4709.71,4725.82,8581795
2018-02-12,4746.16,4769.42,4744.37,4745.67,5776065
2018-02-13,4765.13,4783.86,4758.8,4773.73,4619734
2018-02-14,4785.84,4816.88,4784.09,4814.31,5784563
2018-02-15,4839.16,4858.13,4820.49,4820.49,5742359
2018-02-16,4831.17,4854.93,4801.22,4829.21,13911730
2018-02-19,4828.33,4832.75,4812.14,4815.5,8172910
2018-02-20,4808.28,4817.84,4780.73,4806.4,4748111
2018-02-21,4801.83,4812.14,4760.33,4777.82,5997573
2018-02-22,4767.09,4791.06,4720.94,4788.18,6783384
2018-02-23,4794.92,4806.82,4774.69,4792.61,5520420
2018-02-26,4803.32,4803.32,4771.37,4782.37,7006137
2018-02-27,4791.71,4804.38,4753.57,4789.88,6755173
2018-02-28,4759.77,4762.26,4706.14,4720.88,9125447
2018-03-01,4708.33,4713.56,4658.26,4693.9,7203528
2018-03-02,4668.07,4694.34,4648.79,4648.79,6240997
2018-03-05,4643.59,4687.29,4642.84,4664.04,5426714
2018-03-06,4680.13,4701.31,4676.12,4690.23,5797915
2018-03-07,4682.54,4744.35,4669.38,4744.35,5283464
2018-03-08,4751.51,4773.22,4730.45,4751.55,4430010
2018-03-09,4742.39,4779.6,4710.78,4779.6,4104236
2018-03-12,4788.86,4818.17,4777.53,4818.17,4301145
2018-03-13,4823.1,4826.16,4795.45,4801.5,5538366
2018-03-14,4791.96,4792.52,4762.2,4791.67,3584155
2018-03-15,4796.12,4800.94,4776.32,4794.25,4173805
2018-03-16,4785.72,4785.97,4737.15,4753.7,8118001
2018-03-19,4770.12,4770.12,4698.06,4714.94,4199205
2018-03-20,4706.96,4719.05,4672.99,4698.32,6449552
2018-03-21,4706,4735.44,4701.34,4735.44,7052363
2018-03-22,4728.41,4746.61,4645.25,4652,6730910
2018-03-23,4626.77,4635.65,4599.93,4611.8,5862815
2018-03-26,4604.79,4614.31,4557.61,4557.61,5624828
2018-03-27,4594.24,4608,4560.21,4566.1,5858154
2018-03-28,4557.36,4557.36,4514.03,4531.28,8819438
2018-03-29,4539.87,4582.96,4538.59,4554.89,9006562
2018-04-03,4546.27,4588.54,4545.47,4559.4,6190714
2018-04-04,4574.04,4599.98,4569.35,4599.98,10371438
2018-04-05,4600.55,4643.76,4600.55,4636.68,6922963
2018-04-06,4635.04,4655.67,4618.44,4655.67,7874787
2018-04-09,4650.7,4678.45,4641,4670.85,5235627
2018-04-10,4667.55,4668.55,4633.94,4641.66,7009584
2018-04-11,4647.68,4672.98,4616.83,4631.45,6958126
2018-04-12,4630.61,4668.25,4628.66,4650.82,10105316
2018-04-13,4660.61,4666.16,4645.6,4655.49,9412279
2018-04-16,4660.39,4660.52,4641.16,4646.45,4181168
2018-04-17,4643.51,4647.26,4609.75,4618.28,5638363
2018-04-18,4620.95,4648,4618.02,4648,4623541
2018-04-19,4651.02,4669.33,4640.47,4641.43,4087046
2018-04-20,4650.47,4657.52,4629.97,4633.61,4905813
2018-04-23,4632.14,4636.55,4607.15,4607.15,4271344
2018-04-24,4614.67,4619.09,4576.2,4576.2,5108930
2018-04-25,4577.53,4583.73,4559.63,4569.83,8705509
2018-04-26,4562.2,4582.42,4558.08,4558.08,5708420
2018-04-27,4565.61,4581.36,4549.92,4570.82,6896586
2018-04-30,4551.62,4576.68,4550.08,4571.37,5016546
2018-05-02,4562.65,4611.95,4560.06,4611.95,3308138
2018-05-04,4597.43,4616.77,4543.23,4561.85,3047207
2018-05-07,4569.48,4584.04,4559.83,4576.01,2527069
2018-05-08,4583.03,4583.49,4539.22,4554.32,5818919
2018-05-09,4554.18,4587.41,4547.23,4571.12,6981947
2018-05-10,4574.07,4594.31,4570.3,4574.16,4996471
2018-05-11,4572,4644.98,4572,4644.42,6676212
2018-05-14,4644.28,4680.01,4644.28,4673.45,7959291
2018-05-15,4664.4,4664.4,4583.43,4588.76,7036105
2018-05-16,4606,4618,4587.53,4618,12493323
2018-05-17,4601.39,4608.82,4574.89,4595.58,3916834
2018-05-18,4579.82,4583.64,4531.38,4535.43,7699317
2018-05-21,4548.4,4559.66,4511.61,4515.23,5362255
2018-05-22,4510.8,4522.21,4500.64,4520.4,6044655
2018-05-23,4503.03,4508.27,4431.88,4433.96,7377174
2018-05-24,4447.23,4468.24,4439.08,4466.56,9256265
2018-05-25,4457.35,4476.2,4440.84,4475.77,6529373
2018-05-28,4464.62,4475.15,4457.29,4469.45,7374479
2018-05-29,4472,4481.19,4432.06,4480.62,7696237
2018-05-30,4451.88,4500.78,4431.62,4500.78,15550698
2018-06-01,4484.45,4508.35,4455.53,4508.35,3587640
2018-06-04,4520.18,4524.79,4480.05,4504.89,6413843
2018-06-05,4499.8,4518.12,4488.44,4518.12,4355671
2018-06-06,4522.51,4539.29,4511.1,4513.16,4886356
2018-06-07,4521.44,4554.22,4518.36,4537.77,4549364
2018-06-08,4523.32,4535.56,4514.16,4525.76,4715464
2018-06-11,4528.96,4537.84,4505.79,4505.79,3319570
2018-06-12,4512.3,4526.24,4481.47,4493.71,2999748
2018-06-13,4490.26,4503.06,4466.31,4477.86,3941284
2018-06-14,4485.69,4485.69,4445.18,4448.69,4472099
2018-06-15,4443.57,4447.86,4340.93,4340.93,10184746
2018-06-18,4346.39,4361.18,4259.43,4259.43,4546980
2018-06-19,4206.38,4263.13,4195.28,4262.79,6304038
2018-06-20,4258.8,4325.25,4258.8,4311.72,5676778
2018-06-21,4317.4,4323.73,4267.52,4271.53,4435604
2018-06-22,4275.18,4285.77,4261.78,4273.16,9012092
2018-06-25,4244.18,4277.74,4234.01,4249.43,9033308
2018-06-26,4256.69,4260.34,4229.77,4235.37,5398325
2018-06-27,4226.61,4253.31,4219.19,4251.98,14281228
2018-06-28,4234.91,4239.29,4189.58,4196.43,11859452
2018-06-29,4168.59,4238.72,4168.59,4219.73,5524453
2018-07-02,4204.54,4206.95,4182.58,4202.52,3525455
2018-07-03,4191.04,4217.85,4182.71,4206.83,4930324
2018-07-04,4203.28,4260.71,4203.28,4260.71,4212222
2018-07-05,4247.38,4288.7,4247.17,4253.36,6677890
2018-07-06,4250.1,4258.59,4192.5,4197.27,6368409
2018-07-09,4194.38,4210.18,4159.06,4174.53,4215873
2018-07-10,4173.98,4228.91,4173.98,4225.96,4817258
2018-07-11,4200.97,4208.88,4186.25,4203.83,6128416
2018-07-12,4210.38,4219.05,4194.91,4207.61,4921489
2018-07-13,4208.64,4221.36,4187.57,4210.19,3947434
2018-07-16,4214.05,4218.11,4192.43,4216.63,3378719
2018-07-17,4214.05,4217.9,4185.55,4191.77,5364474
2018-07-18,4189.08,4207.08,4178.1,4198.92,6329746
2018-07-19,4196.53,4205.51,4187.72,4205.05,6224329
2018-07-20,4207.49,4218.01,4192.82,4215.95,9114737
2018-07-23,4217.28,4253.89,4217.28,4241.92,4309927
2018-07-24,4231.96,4280.15,4231.96,4277.87,5049980
2018-07-25,4285.89,4293.7,4264.94,4288.36,4271055
2018-07-26,4289.11,4320.14,4286.19,4320.14,6142375
2018-07-27,4333.39,4342.28,4308.46,4318.24,8298195
2018-07-30,4299.23,4329.66,4299.23,4320.33,6856486
2018-07-31,4321.51,4349.85,4321.51,4343.98,7110377
2018-08-01,4353.91,4363.5,4336.25,4352.36,4930229
2018-08-02,4341.35,4343.81,4302.66,4302.79,5321581
2018-08-03,4309.1,4318.78,4299.16,4316.37,4969737
2018-08-06,4316.16,4319.96,4291.71,4301.74,3817940
2018-08-07,4297.84,4321.57,4289,4308.54,15447158
2018-08-08,4310.92,4353.02,4309.71,4350.98,13875257
2018-08-09,4347,4363.13,4330.94,4363.13,18196739
2018-08-10,4354.32,4355.01,4269.7,4280.49,11632628
2018-08-13,4271.94,4273.11,4224.93,4237.69,13524648
2018-08-14,4239.48,4248.16,4232.36,4241.19,19111211
2018-08-16,4224.5,4238.4,4202.3,4238.4,15801796
2018-08-17,4239.8,4257.01,4229.57,4240.04,22702919
2018-08-20,4242.42,4246.81,4223.27,4225.97,20738483
2018-08-21,4227.27,4251.23,4221.55,4251.23,17213665
2018-08-22,4262.86,4268.23,4238.37,4251.14,16890007
2018-08-23,4253.79,4257.26,4235.15,4253.59,12400920
2018-08-24,4252.02,4267.84,4250.1,4262.47,8663386
2018-08-27,4271,4308.72,4266.71,4308.72,8823285
2018-08-28,4322.85,4330.72,4296.2,4305.34,12078862
2018-08-29,4310.74,4310.74,4287.01,4300.36,9559103
2018-08-30,4315.73,4319.76,4266.25,4277.29,5781413
2018-08-31,4268.14,4268.14,4218.9,4231.06,19835579
2018-09-03,4230.4,4255.4,4189.32,4190.6,16463809
2018-09-04,4194.66,4203.17,4112.3,4126.45,13562277
2018-09-05,4114.4,4121.87,4067.68,4067.68,12539376
2018-09-06,4062.45,4062.5,4007.31,4020.43,16674715
2018-09-07,4017.3,4019.34,3939.02,3956.78,12102285
2018-09-10,3959.86,3969,3928.9,3962.91,9738990
2018-09-11,3964.87,3968.29,3918.11,3921.92,11046282
2018-09-12,3944.4,3946.11,3904.71,3921.27,13186772
2018-09-13,3930.53,3985.77,3927.22,3985.77,9184531
2018-09-14,3989.12,4038.65,3983.55,4038.65,13648509
2018-09-17,4032.26,4032.26,3969.33,3969.33,14209836
2018-09-18,3980.5,4002.26,3965.09,3996.89,11677289
2018-09-19,4010.49,4028.62,3999.31,4023.37,8195193
2018-09-20,4026.17,4063.38,4026.08,4063.38,22478870
2018-09-21,4058.65,4094.45,4057.98,4071.02,42196890
2018-09-24,4062.04,4153.82,4062.04,4145.13,13167939
2018-09-25,4138.1,4179.48,4137.02,4158.01,7210129
2018-09-26,4169.79,4198.51,4167.24,4193.5,7207195
2018-09-27,4191.31,4196.48,4170.65,4188.54,5801173
2018-09-28,4187.96,4193.08,4144.39,4168.97,8692968
2018-10-01,4168.94,4191.23,4161.13,4166.28,4394023
2018-10-02,4166.04,4167.57,4141.09,4151.07,3988522
2018-10-03,4151.23,4174.92,4151.23,4162.39,5910061
2018-10-04,4165.24,4165.89,4140.47,4148.96,6285871
2018-10-05,4145.46,4153.02,4105.7,4113.67,7179325
2018-10-08,4104.6,4106.97,4057.57,4061.64,4501718
2018-10-09,4062,4070.78,4025.2,4025.2,4542088
2018-10-10,4052.36,4054.08,3987.89,3996.19,6656241
2018-10-11,3922.82,3952.13,3914.63,3941.47,12870539
2018-10-12,3955.24,3986.15,3953.27,3973.46,5700883
2018-10-15,3992.78,3992.78,3960.23,3973.98,6189719
2018-10-16,3976.83,4024.37,3969.08,4015.6,13111045
2018-10-17,4030.79,4053.41,4010.65,4018.34,11136585
2018-10-18,4026.89,4026.99,3965.83,3980.93,13727794
2018-10-19,3980.4,3987.25,3949.69,3962.26,12132963
2018-10-22,3975.91,3986.93,3943.55,3943.55,6629474
2018-10-23,3924.11,3937.81,3886.5,3886.5,6813036
2018-10-24,3888.02,3913.23,3876.39,3876.39,5938140
2018-10-25,3840.24,3870.72,3794.74,3863.87,7634585
2018-10-26,3858.1,3858.73,3812.88,3812.88,8054078
2018-10-29,3828.1,3838.24,3766.17,3775.58,6667809
2018-10-30,3792.91,3800.02,3759.15,3768.95,6180843
2018-10-31,3789.31,3840.69,3789.31,3819.25,7616335
2018-11-02,3839.08,3888.08,3839.08,3869.3,11029644
2018-11-05,3886.24,3895.41,3866.86,3881.57,5861476
2018-11-06,3898.6,3899.89,3866.1,3888.82,10383752
2018-11-07,3898.01,3938.87,3893.81,3920.86,15299773
2018-11-08,3937.75,3957.04,3920.65,3952.41,8036704
2018-11-09,3933.69,3944.67,3889.23,3893.7,5109792
2018-11-13,3880.38,3903.22,3874.2,3890.64,8595830
2018-11-14,3895,3903.45,3871.6,3879.22,46715610
2018-11-15,3881.59,3897.48,3869.81,3874.07,23371142
2018-11-16,3880.08,3900.6,3775.3,3802.11,21382379
2018-11-19,3819.07,3828.09,3785.62,3816.3,27794392
2018-11-20,3813.25,3813.25,3755.1,3772.3,53090772
2018-11-21,3783.66,3839.48,3782.39,3832.5,69288529
2018-11-22,3845.43,3886.59,3841.43,3879.1,44219916
2018-11-23,3881.04,3894.84,3875.86,3882.85,56194671
2018-11-26,3892.87,3920.25,3836.29,3848.32,26549053
2018-11-27,3847.59,3886.7,3847.59,3885.47,36339948
2018-11-28,3887.54,3917.41,3886.39,3917.41,25725550
2018-11-29,3935.79,3952.92,3926.64,3943.7,15759662
2018-11-30,3948.85,3949.96,3920.22,3944.38,40178748
2018-12-03,3971.84,4040.08,3971.84,4030.97,11482482
2018-12-04,4020.63,4061.13,4015.64,4059.92,16621231
2018-12-05,4016.72,4053.43,4004.9,4053.43,19329310
2018-12-06,4039.7,4039.7,3981.55,3997.26,13457359
2018-12-07,4008.05,4039.87,3982.97,3994.27,13903817
2018-12-10,3990.18,3998.34,3969.07,3977.69,12271930
2018-12-11,3989.66,3992.67,3956.42,3961.57,9357029
2018-12-12,3970.82,3995.77,3951.91,3992.34,14062701
2018-12-13,4005.41,4076.59,4000.68,4076.59,29140080
2018-12-14,4059.44,4082.89,4045.71,4066.57,40016987
2018-12-17,4067.83,4074.23,4005.47,4013.42,13740189
2018-12-18,4004.34,4005.46,3985.33,4000.83,38950549
2018-12-19,3995.18,4014.4,3989.46,4002.02,35087946
2018-12-20,3974.91,3975.64,3926.58,3944.76,14759582
2018-12-21,3932,3934.47,3869.38,3901.23,23270726
2018-12-27,3921.93,3940.82,3889.57,3897.19,12496333
2018-12-28,3916.98,3934.35,3898.42,3909.37,7713252
2019-01-02,3912.68,3947.26,3888.83,3947.26,4339835
2019-01-03,3943.46,3952.86,3899.63,3906.97,5867615
2019-01-04,3916.98,3930.22,3908.08,3926.99,5402778
2019-01-07,3940.52,3979.7,3939.57,3977,4191286
2019-01-08,3983.53,4005.63,3971.92,3994.23,4756857
2019-01-09,3996.8,4041.29,3987.19,4018.89,9365947
2019-01-10,4019.99,4029.87,3997.86,4016.78,4801469
2019-01-11,4035.33,4072.75,4029.6,4049.7,13837674
2019-01-14,4051.88,4051.88,4016.46,4020.99,10170848
2019-01-15,4029.79,4040.98,4014.67,4027.93,6388656
2019-01-16,4036.28,4087.29,4030.6,4080.02,6641515
2019-01-17,4078.95,4104.93,4061.98,4072.62,7701898
2019-01-18,4080.4,4104.05,4070.51,4095.41,6094512
2019-01-21,4092.95,4097.26,4050.11,4071.26,5019200
2019-01-22,4070.24,4082.54,4022.48,4032.13,8587589
2019-01-23,4018.1,4099.66,4018.03,4091.27,8382254
2019-01-24,4086.66,4122.82,4067.46,4087.57,4169896
2019-01-25,4092.6,4097.87,4068.02,4083.7,5530874
2019-01-28,4091.19,4102.5,4054.98,4075.91,3277995
2019-01-29,4076.29,4091.55,4063.14,4080.18,3999776
2019-01-30,4084.06,4085.26,4034.55,4039.37,6775858
2019-01-31,4060.2,4083.07,4057.16,4076.71,6167193
2019-02-01,4090.79,4092.27,4073.21,4082.6,5766405
2019-02-04,4091.42,4093.15,4068.04,4083.69,4775166
2019-02-05,4099.03,4126.12,4091.12,4126.12,11536719
2019-02-06,4127.55,4156.17,4122.61,4151.32,9950254
2019-02-07,4146.38,4149.22,4095.26,4115.91,8715627
2019-02-08,4113.37,4161.34,4096.43,4161.34,7781380
2019-02-11,4152.02,4159.74,4132.24,4134.15,7648040
2019-02-12,4138.23,4151.39,4128.49,4138.36,11790014
2019-02-13,4156.52,4156.52,4088.3,4091.65,4321752
2019-02-14,4095.12,4097.09,4052.36,4053.32,4662509
2019-02-15,4061.57,4091.73,4056.76,4089.33,4403037
2019-02-18,4101.81,4110.97,4075.05,4087.31,3652963
2019-02-19,4085.22,4093.96,4072.97,4077.12,8781559
2019-02-20,4084.76,4111.33,4076.79,4100.73,6607427
2019-02-21,4105.9,4131.75,4094.1,4126.18,5052893
2019-02-22,4126.35,4145.84,4119.25,4141.71,3529694
2019-02-25,4149.67,4223.83,4136.65,4188.87,4922426
2019-02-26,4197.04,4197.25,4166.41,4166.41,12974105
2019-02-27,4177.98,4185.69,4154.92,4162.7,33243186
2019-02-28,4167.89,4179.72,4131.06,4134.58,5295574
2019-03-01,4156.35,4183.37,4150.95,4178.6,5737904
